{
    "avg_prec": 0.9234764718406202,
    "roc_auc": 0.9434930236440273
}